time,energy,delta_L2,max_u,mean_u
0.001,13.701009928314853,1.2993678230150285,0.7959750876505747,0.0025000087377460125
0.002,12.34165876346986,0.4388467273555897,0.7075431962800205,0.0024999996732703697
0.003,11.607881812415329,0.26863965026901326,0.6565903187790673,0.0024999916513560603
0.004,11.128294417697472,0.1828802093521985,0.6225225108880261,0.0024999867667051
0.005,10.770932223017903,0.131580975556048,0.5976016331283095,0.0024999847585263643
0.006,10.480691953526913,0.10081055249461478,0.5782325912852536,0.002499984928575738
0.007,10.23290671197289,0.08249267801451851,0.5625061932905095,0.002499986561078557
0.008,10.015517963674075,0.07117154423911062,0.5493112080113853,0.002499989079040321
0.009000000000000001,9.82180617970815,0.06354753716960636,0.537955148188176,0.002499992070613091
0.01,9.647452333247934,0.05788794735575273,0.5279830034144483,0.002499995259623356
0.011,9.489350332941518,0.053350941449656734,0.5190831387325558,0.002499998466159397
0.012,9.345104060404845,0.049528592012473054,0.5110349954949557,0.002500001574400093
0.013000000000000001,9.212791015107575,0.046211321485540156,0.5036782551775514,0.0025000045102526215
0.014,9.090833961595552,0.043280596132853066,0.4968937062534396,0.0025000072268642707
0.015,8.977921264431213,0.040661670197017406,0.49059091990236153,0.0025000096953590816
0.016,8.872951543389911,0.038302870488542175,0.48470002534606704,0.00250001189901146
0.017,8.77499291533001,0.03616590079841847,0.4791661031733997,0.0025000138295358785
0.018000000000000002,8.683251795287813,0.034221029946926204,0.4739452848384455,0.002500015484659535
0.019,8.59704849721667,0.032444459937364646,0.4690019942501071,0.002500016866510807
0.02,8.515797887376987,0.030816736337133502,0.46430696832557344,0.0025000179805158133
0.021,8.438993885504406,0.029321698581838394,0.45983581711087784,0.0025000188346171507
0.022,8.366196939121423,0.027945737657760407,0.45556796272628597,0.0025000194387113034
0.023,8.297023817690114,0.0266772465234792,0.45148584759939764,0.002500019804171255
0.024,8.231139231631284,0.025506202080983073,0.4475743364080675,0.0025000199435446595
0.025,8.168248896907635,0.02442384308084218,0.4438202589632933,0.0025000198702459318
0.026000000000000002,8.108093753690437,0.02342242104073032,0.4402120568110996,0.002500019598317144
0.027,8.050445113495156,0.02249500823426291,0.4367395070103897,0.0025000191422195036
0.028,7.995100559500704,0.021635350769946937,0.433393503962313,0.0025000185166511382
0.029,7.941880463112212,0.02083775731029552,0.43016588537164757,0.0025000177363871043
0.03,7.890625009115476,0.020097015725576907,0.4270492921040982,0.0025000168161389163
0.031,7.841191644168854,0.01940833129849247,0.42403705433545436,0.00250001577043196
0.032,7.793452880537785,0.018767281178674766,0.4211230982870052,0.002500014613499568
0.033,7.747294400158579,0.018169780722818194,0.4183018692238361,0.0025000133591927954
0.034,7.702613414286354,0.017612058191028294,0.4155682674084992,0.0025000120209049603
0.035,7.659317241873289,0.01709063501855614,0.41291759445621434,0.0025000106115100826
0.036000000000000004,7.617322075997681,0.01660230954631258,0.4103455081021335,0.0025000091433140985
0.037,7.5765519125458525,0.016144142669995473,0.40784798381778326,0.0025000076280179543
0.038,7.536937619255543,0.01571344435279737,0.4054212820391708,0.0025000060766912973
0.039,7.498416126399088,0.015307760340005,0.403061920019449,0.002500004499755765
0.04,7.460929722994189,0.01492485871891123,0.40076664751341734,0.0025000029069766126
0.041,7.424425444607388,0.014562716191794393,0.398532425653288,0.002500001307461671
0.042,7.388854540657894,0.014219504083704752,0.39635640849517023,0.0024999997096664486
0.043000000000000003,7.354172010704219,0.013893574202506408,0.3942359268111127,0.0024999981214044887
0.044,7.320336200555227,0.01358344471857393,0.3921684737778571,0.002499996549861947
0.045,7.287308450229918,0.013287786247583767,0.3901516922748912,0.002499995001615613
0.046,7.255052786820485,0.013005408312480817,0.38818336355411964,0.0024999934826536135
0.047,7.223535656217795,0.012735246338695992,0.3862613970839223,0.002499991998398093
0.048,7.192725688450191,0.012476349306867996,0.38438382140342026,0.0024999905537293424
0.049,7.1625934920813625,0.012227868154799811,0.38254877584986424,0.0024999891530108793
0.05,7.133111473722126,0.01198904498859817,0.3807545030443531,0.0024999878001150115
0.051000000000000004,7.104253679243117,0.011759203134141064,0.3789993420394722,0.00249998649844862
0.052000000000000005,7.07599565374147,0.011537738035347581,0.37728172204764027,0.0024999852509788004
0.053,7.048314317718909,0.011324108985673549,0.37560015668154023,0.002499984060258199
0.054,7.021187857281896,0.011117831663754293,0.3739532386484539,0.002499982928449779
0.055,6.994595626479753,0.010918471432831763,0.37233963484899746,0.0024999818573510327
0.056,6.96851806016155,0.010725637355986618,0.3707580818379744,0.0024999808484173097
0.057,6.942936595960285,0.010538976874674175,0.36920738161108024,0.002499979902784427
0.058,6.917833604210682,0.010358171096015547,0.36768639768621136,0.002499979021290328
0.059000000000000004,6.893192324775422,0.010182930634188314,0.36619405145232675,0.002499978204495869
0.06,6.868996809900512,0.010012991952588405,0.36472931876232173,0.0024999774527046745
0.061,6.845231872344894,0.009848114155784102,0.36329122674932096,0.002499976765982045
0.062,6.821883038136407,0.009688076183312296,0.3618788508482744,0.0024999761441729766
0.063,6.7989365033971225,0.009532674360808537,0.3604913120068283,0.002499975586919279
0.064,6.776379094759696,0.009381720267583554,0.35912777407121277,0.002499975093675808
0.065,6.754198232962605,0.009235038883434033,0.357787441334387,0.0024999746637258493
0.066,6.732381899269166,0.009092466981061507,0.3564695562349642,0.0024999742961956907
0.067,6.710918604403916,0.008953851733907383,0.35517339719653446,0.0024999739900683875
0.068,6.6897973597411795,0.008819049512435118,0.35389827659795026,0.0024999737441967857
0.069,6.66900765051636,0.008687924844880762,0.3526435388659572,0.002499973557315816
0.07,6.648539410860192,0.008560349521234448,0.3514085586822664,0.002499973428054083
0.07100000000000001,6.628383000482472,0.008436201821694718,0.3501927392977929,0.002499973354944797
0.07200000000000001,6.608529182853602,0.00831536585308518,0.3489955109473354,0.0024999733364360756
0.073,6.58896910475099,0.008197730978728869,0.3478163293584664,0.0024999733709006556
0.074,6.5696942770539,0.008083191329063388,0.34665467434884084,0.002499973456644981
0.075,6.550696556683542,0.007971645381873718,0.3455100485065278,0.0024999735919178216
0.076,6.5319681295981,0.007862995602418935,0.3443819759483298,0.0024999737749182805
0.077,6.513501494761033,0.007757148134978942,0.3432700011513802,0.0024999740038034
0.078,6.495289449011573,0.007654012538429663,0.3421736878536089,0.002499974276695195
0.079,6.477325072772517,0.007553501559426936,0.34109261801894475,0.0024999745916873457
0.08,6.459601716537538,0.007455530937612243,0.3400263908633733,0.002499974946851349
0.081,6.442112988086176,0.007360019238003159,0.3389746219382102,0.002499975340242363
0.082,6.424852740378874,0.007266887706372472,0.3379369422671664,0.0024999757699045904
0.083,6.407815060089495,0.007176060143992386,0.3369129975339889,0.0024999762338763533
0.084,6.390994256736027,0.00708746279861792,0.335902447317651,0.0024999767301947602
0.085,6.374384852373686,0.007001024269015304,0.3349049643722482,0.00249997725690008
0.08600000000000001,6.35798157181734,0.006916675420728845,0.33392023394892184,0.0024999778120397896
0.08700000000000001,6.341779333363072,0.006834349311106436,0.332947953157293,0.002499978393672322
0.088,6.3257732399806255,0.006753981121900247,0.33198783036403773,0.0024999789998705114
0.089,6.309958570950661,0.006675508098011061,0.331039584626375,0.0024999796287248
0.09,6.294330773922589,0.0065988694911685445,0.33010294515837046,0.002499980278346151
0.091,6.278885457370228,0.006524006507530929,0.32917765082808415,0.002499980946868756
0.092,6.263618383424195,0.006450862258360116,0.32826344968370713,0.0024999816324524755
0.093,6.248525461058269,0.006379381712889312,0.3273600985067015,0.0024999823332849426
0.094,6.23360273962499,0.006309511653888331,0.3264673623915909,0.0024999830475840278
0.095,6.218846402694987,0.006241200632776154,0.3255850143480921,0.0024999837735992345
0.096,6.204252762211537,0.006174398927482393,0.32471283492713765,0.002499984509613537
0.097,6.18981825293068,0.006109058500097582,0.32385061186777936,0.002499985253944812
0.098,6.175539427134778,0.0060451329551569205,0.32299813976406183,0.002499986004947198
0.099,6.161412949605553,0.005982577498216247,0.32215521975066214,0.002499986761012229
0.1,6.147435592843627,0.005921348894611025,0.3213216592061633,0.0024999875205698693
0.101,6.133604232521521,0.005861405428321879,0.32049727147289936,0.0024999882820893895
0.10200000000000001,6.119915843158822,0.005802706860910282,0.3196818755923734,0.002499989044080141
0.10300000000000001,6.106367494007426,0.00574521439051404,0.31887529605531084,0.0024999898050921702
0.10400000000000001,6.092956345137116,0.005688890610909978,0.3180773625654679,0.0024999905637167635
0.105,6.079679643710393,0.005633699470678246,0.31728790981636695,0.0024999913185868704
0.106,6.066534720437338,0.005579606232502923,0.31650677728018356,0.0024999920683774217
0.107,6.053518986201376,0.005526577432666622,0.3157338090080554,0.00249999281180558
0.108,6.040629928847026,0.00547458084079311,0.31496885344112796,0.0024999935476308593
0.109,6.02786511012129,0.005423585419903001,0.3142117632316951,0.0024999942746552566
0.11,6.015222162761166,0.005373561286844847,0.3134623950738302,0.002499994991723194
0.111,6.0026987877194,0.0053244796731692105,0.31272060954294245,0.0024999956977215035
0.112,5.990292751521652,0.005276312886507415,0.31198627094372483,0.0024999963915792655
0.113,5.97800188374816,0.0052290342725178005,0.31125924716599684,0.0024999970722676514
0.114,5.965824074633668,0.005182618177456138,0.31053940954797143,0.0024999977387996784
0.115,5.953757272779313,0.005137039911427977,0.30982663274650785,0.0024999983902299345
0.116,5.941799482971017,0.005092275712368807,0.30912079461393666,0.0024999990256542345
0.117,5.929948764098572,0.0050483027108004916,0.30842177608107013,0.0024999996442092807
0.11800000000000001,5.9182032271704985,0.005005098895402134,0.3077294610460346,0.002500000245072238
0.11900000000000001,5.906561033419584,0.004962643079431482,0.30704373626858295,0.0025000008274603082
0.12,5.895020392494536,0.0049209148680265736,0.30636449126956733,0.0025000013906302577
0.121,5.8835795607332395,0.00487989462641177,0.30569161823527197,0.002500001933877934
0.122,5.872236839513547,0.004839563449028766,0.30502501192632314,0.002500002456537744
0.123,5.860990573677385,0.004799903129607141,0.30436456959091257,0.0025000029579821097
0.124,5.84983915002484,0.0047608961321845365,0.3037101908820851,0.00250000343762091
0.125,5.838780995874176,0.004722525563084179,0.303061777778858,0.002500003894900919
0.126,5.827814577684656,0.004684775143850149,0.3024192345109526,0.0025000043293051883
0.127,5.8169383997390955,0.00464762918513853,0.30178246748693316,0.002500004740352475
0.128,5.806151002882787,0.004611072561562346,0.30115138522556073,0.0025000051275965987
0.129,5.795450963316224,0.004575090687477981,0.3005258982901799,0.0025000054906258286
0.13,5.784836891438832,0.004539669493705416,0.2999059192259697,0.002500005829062247
0.131,5.774307430741008,0.0045047954051666205,0.2992913624998989,0.002500006142561109
0.132,5.7638612567422545,0.004470455319427306,0.29868214444323593,0.0025000064308101956
0.133,5.753497075973023,0.004436636586123758,0.2980781831964732,0.002500006693529161
0.134,5.743213624998056,0.0044033269872561604,0.29747939865653383,0.002500006930468883
0.135,5.733009669479158,0.004370514718324662,0.2968857124261371,0.0025000071414107987
0.136,5.722884003275681,0.004338188370290566,0.29629704776520627,0.002500007326166263
0.137,5.712835447580573,0.004306336912334001,0.2957133295442098,0.0025000074845758623
0.138,5.70286285009045,0.004274949675388954,0.2951344841993333,0.0025000076165087957
0.139,5.692965084208006,0.0042440163364277535,0.2945604396893858,0.0025000077218621723
0.14,5.683141048275257,0.004213526903470512,0.29399112545435024,0.0025000078005603904
0.14100000000000001,5.673389664836006,0.004183471701295581,0.2934264723754935,0.002500007852554477
0.14200000000000002,5.663709879926369,0.004153841357823573,0.292866412736955,0.002500007877821436
0.14300000000000002,5.654100662391806,0.004124626791150572,0.29231088018874035,0.002500007876363576
0.14400000000000002,5.644561003229594,0.00409581919720523,0.2917598097110482,0.0025000078482079334
0.145,5.635089914955505,0.004067410038003003,0.2912131375798653,0.002500007793405548
0.146,5.625686430993588,0.004039391030474891,0.2906708013337664,0.002500007712030905
0.147,5.616349605087946,0.004011754135843808,0.29013273974186127,0.002500007604181253
0.148,5.6070785107356205,0.003984491549527047,0.2895988927728328,0.0025000074699760124
0.149,5.59787224063958,0.003957595691538144,0.28906920156501553,0.002500007309556128
0.15,5.588729906180877,0.0039310591973686785,0.2885436083974645,0.0025000071230835007
0.151,5.579650636909224,0.0039048749093238805,0.28802205666197,0.0025000069107403112
0.152,5.570633580051153,0.0038790358682942727,0.2875044908359734,0.002500006672728497
0.153,5.5616779000349155,0.0038535353059384846,0.2869908564563446,0.0025000064092691064
0.154,5.552782778031554,0.003828366637259775,0.2864811000939819,0.0025000061206017212
0.155,5.543947411511376,0.0038035234535544298,0.28597516932919914,0.0025000058069838925
0.156,5.535171013815139,0.0037789995157149264,0.2854730127278645,0.0025000054686905365
0.157,5.526452813739419,0.003754788747867955,0.2849745798182604,0.002500005106013393
0.158,5.5177920551356205,0.0037308852313310626,0.2844798210686331,0.0025000047192604577
0.159,5.50918799652186,0.0037072831988701226,0.28398868786540377,0.0025000043087554167
0.16,5.500639910707477,0.0036839770292425,0.28350113249201386,0.0025000038748371135
0.161,5.492147084429461,0.0036609612420093387,0.28301710810837954,0.0025000034178590063
0.162,5.483708818000429,0.003638230492603737,0.28253656873093036,0.0025000029381886265
0.163,5.47532442496763,0.0036157795676390425,0.28205946921321035,0.0025000024362070725
0.164,5.4669932317826655,0.0035936033804459316,0.2815857652270185,0.0025000019123084614
0.165,5.458714577481353,0.0035716969668234564,0.2811154132440698,0.0025000013668994617
0.166,5.450487813373483,0.0035500554809942534,0.280648370518156,0.002500000800398739
0.167,5.442312302742017,0.0035286741917493077,0.28018459506778876,0.0025000002132365097
0.168,5.434187420551419,0.003507548478775945,0.27972404565930703,0.002499999605854013
0.169,5.426112553164742,0.0034866738291535553,0.2792666817904328,0.0024999989787030524
0.17,5.4180870980692175,0.003466045834011679,0.2788124636742585,0.0024999983322455087
0.171,5.410110463609902,0.0034456601853382796,0.2783613522236527,0.002499997666952885
0.17200000000000001,5.402182068731321,0.003425512672931838,0.277913309036068,0.0024999969833058413
0.17300000000000001,5.394301342726544,0.0034055991814864062,0.2774682963787394,0.0024999962817937376
0.17400000000000002,5.386467724993606,0.003385915687804527,0.277026277174259,0.002499995562914199
0.17500000000000002,5.378680664799055,0.0033664582581291597,0.27658721498651534,0.0024999948271726673
0.176,5.370939621048249,0.0033472230455875445,0.2761510740069859,0.0024999940750819838
0.177,5.363244062062177,0.0033282062877420834,0.2757178190413709,0.002499993307161947
0.178,5.355593465360705,0.0033094043042399554,0.27528741549655844,0.002499992523938924
0.179,5.347987317451933,0.0032908134945580283,0.27485982936791065,0.002499991725945409
0.18,5.340425113627443,0.0032724303358361555,0.2744350272268607,0.002499990913719648
0.181,5.33290635776328,0.003254251380794132,0.27401297620881193,0.0024999900878052237
0.182,5.3254305621265186,0.0032362732557279206,0.27359364400132985,0.002499989248750692
0.183,5.31799724718714,0.003218492658580167,0.27317699883261853,0.00249998839710918
0.184,5.310605941435085,0.0032009063570821884,0.2727630094602733,0.0024999875334380172
0.185,5.303256181202313,0.003183511186961514,0.27235164516030164,0.002499986658298367
0.186,5.295947510489758,0.0031663040502130746,0.27194287571640485,0.002499985772254878
0.187,5.288679480798917,0.003149281913429549,0.2715366714095135,0.002499984875875326
0.188,5.281451650968007,0.003132441806188974,0.27113300300756904,0.0024999839697302517
0.189,5.274263587012557,0.0031157808194941256,0.27073184175554543,0.002499983054392647
0.19,5.267114861970365,0.003099296104303508,0.2703331593657139,0.002499982130437717
0.191,5.260005055749911,0.00308298486991569,0.26993692800809077,0.002499981198442204
0.192,5.252933754983865,0.0030668443827869527,0.26954312030118077,0.002499980258984438
0.193,5.245900552885709,0.0030508719650038612,0.2691517093028788,0.002499979312643889
0.194,5.238905049110316,0.003035064992992475,0.2687626685015982,0.00249997836000086
0.195,5.231946849618169,0.0030194208962273073,0.26837597180760264,0.002499977401636197
0.196,5.225025566543108,0.003003937155978229,0.2679915935445376,0.0024999764381309843
0.197,5.218140818063515,0.002988611304093092,0.267609508441155,0.002499975470066267
0.198,5.2112922282767515,0.0029734409218145296,0.26722969162322735,0.002499974498022754
0.199,5.204479427076958,0.0029584236386292,0.2668521186056458,0.0024999735225805634
0.2,5.197702050035772,0.002943557131149862,0.26647676528469766,0.002499972544318932
0.201,5.190959738286283,0.0029288391220249907,0.26610360793051957,0.0024999715638159684
0.202,5.184252138409807,0.002914267378879551,0.26573262317972085,0.0024999705816483664
0.203,5.177578902325534,0.0028998397132826456,0.2653637880281738,0.0024999695983912193
0.20400000000000001,5.170939687182964,0.0028855539797415517,0.26499707982396636,0.0024999686146176836
0.20500000000000002,5.164334155257014,0.0028714080747217394,0.2646324762605134,0.0024999676308988194
0.20600000000000002,5.15776197384575,0.002857399935691964,0.26426995536982245,0.002499966647803304
0.20700000000000002,5.1512228151706605,0.002843527540192273,0.26390949551591075,0.002499965665897242
0.20800000000000002,5.14471635627937,0.0028297889049265484,0.2635510753883692,0.0024999646857438943
0.209,5.138242278950708,0.0028161820848758823,0.26319467399607027,0.0024999637079035214
0.21,5.13180026960222,0.0028027051724345375,0.2628402706610163,0.002499962732933129
0.211,5.12539001919979,0.002789356296566315,0.26248784501232425,0.0024999617613862745
0.212,5.119011223169565,0.002776133621981518,0.2621373769803449,0.002499960793812851
0.213,5.1126635813119155,0.002763035348333326,0.2617888467909117,0.002499959830758926
0.214,5.106346797717538,0.0027500597094332973,0.2614422349597178,0.0024999588727665297
0.215,5.100060580685552,0.002737204972486008,0.26109752228681676,0.002499957920373461
0.216,5.093804642643509,0.002724469437340765,0.2607546898512453,0.002499956974113133
0.217,5.087578700069305,0.0027118514357615873,0.26041371900576404,0.0024999560345143716
0.218,5.081382473415077,0.0026993493307141962,0.2600745913717145,0.0024999551021012605
0.219,5.0752156870325855,0.002686961515669351,0.25973728883398906,0.002499954177392983
0.22,5.069078069100724,0.002674686413922936,0.2594017935361109,0.002499953260903646
0.221,5.062969351554406,0.002662522477931692,0.2590680878754225,0.0024999523531421225
0.222,5.056889270015272,0.0026504681886645063,0.2587361544983787,0.002499951454611922
0.223,5.050837563723973,0.0026385220549682282,0.2584059762959429,0.0024999505658110234
0.224,5.044813975473954,0.0026266826129498497,0.2580775363990837,0.002499949687231743
0.225,5.038818251546815,0.0026149484253707314,0.2577508181743693,0.002499948819360605
0.226,5.032850141649148,0.002603318081057358,0.25742580521965786,0.002499947962678183
0.227,5.026909398850772,0.0025917901943238934,0.25710248135988134,0.0024999471176590077
0.228,5.020995779524384,0.0025803634044092353,0.2567808306429206,0.0024999462847714133
0.229,5.015109043286569,0.0025690363749273928,0.2564608373355698,0.0024999454644774343
0.23,5.009248952940124,0.0025578077933297643,0.2561424859195876,0.0024999446572326932
0.231,5.0034152744177405,0.002546676370381097,0.25582576108783395,0.002499943863486263
0.232,4.997607776726775,0.002535640839646831,0.25551064774048965,0.0024999430836805917
0.233,4.991826231895333,0.0025246999569808162,0.255197130981356,0.0024999423182513214
0.234,4.986070414919785,0.0025138525000872555,0.2548851961142399,0.0024999415676273777
0.23500000000000001,4.980340103712946,0.002503097267968057,0.25457482863940384,0.002499940832230702
0.23600000000000002,4.9746350790537175,0.002492433080508039,0.2542660142501029,0.0024999401124761885
0.23700000000000002,4.968955124537754,0.0024818587780073573,0.2539587388291913,0.0024999394087716234
0.23800000000000002,4.963300026529186,0.002471373220738922,0.2536529884458015,0.002499938721517607
0.23900000000000002,4.957669574113381,0.0024609752885139382,0.2533487493520937,0.0024999380511074422
0.24,4.9520635590507345,0.0024506638802606305,0.25304600798007437,0.002499937397927064
0.241,4.9464817757314234,0.002440437913610225,0.25274475093848153,0.0024999367623550167
0.242,4.940924021131124,0.0024302963244957915,0.2524449650097361,0.0024999361447622997
0.243,4.935390094767731,0.0024202380667577993,0.2521466371469572,0.0024999355455123736
0.244,4.929879798658845,0.00241026211176148,0.25184975447103997,0.002499934964961054
0.245,4.924392937280299,0.0024003674480225015,0.2515543042677949,0.0024999344034564715
0.246,4.91892931752549,0.0023905530808412947,0.25126027398514666,0.002499933861338998
0.247,4.9134887486655,0.00238081803194716,0.25096765123039116,0.002499933338941211
0.248,4.908071042310207,0.0023711613391502293,0.25067642376751015,0.00249993283658783
0.249,4.9026760123699535,0.002361582056002552,0.2503865795145408,0.002499932354595668
0.25,4.897303475018233,0.0023520792514667606,0.25009810654100034,0.0024999318932735952
0.251,4.891953248655021,0.0023426520095936655,0.24981099306536325,0.0024999314529224933
0.252,4.886625153870816,0.0023332994292062912,0.2495252274525909,0.002499931033835203
0.253,4.8813190134115665,0.002324020623593802,0.24924079821171138,0.0024999306362965133
0.254,4.876034652144085,0.0023148147202105658,0.24895769399344925,0.0024999302605830994
0.255,4.870771897022353,0.0023056808603845696,0.2486759035879034,0.002499929906963511
0.256,4.86553057705439,0.0022966181990313004,0.2483954159222723,0.0024999295756981334
0.257,4.860310523269793,0.0022876259043763942,0.24811622005862546,0.002499929267039167
0.258,4.855111568687969,0.0022787031576831807,0.2478383051917198,0.0024999289812306
0.259,4.849933548286912,0.002269849152988738,0.24756166064686014,0.002499928718508183
0.26,4.844776298972682,0.0022610630968449134,0.24728627587780302,0.0024999284790994222
0.261,4.839639659549411,0.002252344208066934,0.2470121404647021,0.0024999282632235417
0.262,4.834523470689923,0.002243691717487196,0.24673924411209494,0.002499928071091508
0.263,4.829427574906937,0.0022351048677156354,0.2464675766469299,0.0024999279029059547
0.264,4.824351816524761,0.0022265829129060927,0.24619712801663207,0.0024999277588612402
0.265,4.819296041651626,0.0022181251185274657,0.2459278882872078,0.0024999276391433913
0.266,4.814260098152477,0.0022097307611423237,0.24565984764138635,0.002499927543930117
0.267,4.8092438356222935,0.002201399128188461,0.24539299637679843,0.0024999274733908195
0.268,4.8042471053599405,0.0021931295177677976,0.24512732490419023,0.002499927427686533
0.269,4.799269760342499,0.0021849212384400674,0.24486282374567248,0.0024999274069700127
0.27,4.794311655200073,0.002176773609019978,0.24459948353300365,0.0024999274113856568
0.271,4.789372646191056,0.0021686859583818384,0.24433729500590648,0.0024999274410695566
0.272,4.784452591177938,0.002160657625266564,0.24407624901041708,0.002499927496149479
0.273,4.7795513496034285,0.002152687958094956,0.24381633649726595,0.0024999275767448887
0.274,4.7746687824671445,0.0021447763147846785,0.24355754852028993,0.002499927682966936
0.275,4.769804752302666,0.0021369220625715125,0.243299876234875,0.002499927814918508
0.276,4.764959123154981,0.0021291245778361652,0.2430433108964283,0.0024999279726941838
0.277,4.760131760558471,0.00212138324593322,0.24278784385887955,0.002499928156380291
0.278,4.755322531515153,0.0021136974610258927,0.24253346657321082,0.0024999283660549075
0.279,4.750531304473393,0.0021060666259239834,0.24228017058601392,0.0024999286017878862
0.28,4.745757949306972,0.0020984901519256007,0.2420279475380752,0.0024999288636408474
0.281,4.741002337294568,0.002090967458662836,0.24177678916298664,0.00249992915166722
0.28200000000000003,4.736264341099588,0.002083497973951167,0.24152668728578316,0.0024999294659122733
0.28300000000000003,4.731543834750295,0.0020760811336419317,0.24127763382160483,0.0024999298064131022
0.28400000000000003,4.726840693620433,0.002068716381478827,0.24102962077438447,0.0024999301731986794
0.28500000000000003,4.7221547944100735,0.0020614031689572647,0.24078264023555915,0.002499930566289888
0.28600000000000003,4.717486015126795,0.002054140955187321,0.24053668438280537,0.0024999309856994986
0.28700000000000003,4.712834235067308,0.0020469292067595212,0.2402917454787976,0.0024999314314322666
0.28800000000000003,4.708199334799288,0.0020397673976140884,0.2400478158699895,0.0024999319034848936
0.289,4.70358119614361,0.0020326550089126805,0.2398048879854171,0.002499932401846099
0.29,4.698979702156752,0.0020255915289138435,0.23956295433552396,0.0024999329264966375
0.291,4.694394737113738,0.002018576452849794,0.23932200751100738,0.002499933477409331
0.292,4.689826186491154,0.002011609282807981,0.23908204018168533,0.0024999340545490897
0.293,4.685273936950546,0.0020046895276136303,0.23884304509538382,0.0024999346578729663
0.294,4.680737876322128,0.0019978167027155046,0.23860501507684392,0.002499935287330177
0.295,4.676217893588731,0.0019909903300744563,0.2383679430266486,0.002499935942862144
0.296,4.671713878870051,0.0019842099380536944,0.23813182192016807,0.0024999366244025144
0.297,4.667225723407105,0.0019774750613124514,0.23789664480652412,0.0024999373318772226
0.298,4.662753319547033,0.0019707852407009102,0.23766240480757242,0.0024999380652045143
0.299,4.658296560728099,0.0019641400231582393,0.23742909511690283,0.002499938824294973
0.3,4.653855341464978,0.0019575389616121913,0.23719670899885692,0.0024999396090515905
0.301,4.649429557334258,0.0019509816148811222,0.2369652397875628,0.002499940419369771
0.302,4.645019104960211,0.0019444675475782725,0.2367346808859863,0.002499941255137406
0.303,4.6406238820007975,0.0019379963300175773,0.2365050257649989,0.0024999421162348904
0.304,4.636243787133849,0.0019315675381217931,0.23627626796246146,0.002499943002535175
0.305,4.631878720043624,0.0019251807533325564,0.23604840108232333,0.0024999439139038056
0.306,4.627528581407345,0.0019188355625218312,0.23582141879373741,0.0024999448501989746
0.307,4.623193272882254,0.001912531557905899,0.23559531483018967,0.002499945811271556
0.308,4.618872697092593,0.0019062683369605233,0.23537008298864365,0.0024999467969651556
0.309,4.614566757617047,0.0019000455023377495,0.23514571712869925,0.0024999478071161484
0.31,4.610275358976148,0.0018938626617849693,0.23492221117176565,0.0024999488415537374
0.311,4.605998406620138,0.0018877194280652776,0.23469955910024803,0.0024999499000999833
0.312,4.601735806916777,0.0018816154188787406,0.23447775495674783,0.0024999509825698674
0.313,4.597487467139583,0.0018755502567866455,0.2342567928432762,0.002499952088771324
0.314,4.593253295456053,0.001869523569135527,0.23403666692048042,0.0024999532185052986
0.315,4.58903320091626,0.0018635349879845898,0.23381737140688316,0.002499954371565803
0.316,4.584827093441425,0.0018575841500321503,0.233598900578134,0.002499955547739935
0.317,4.580634883812903,0.001851670696545893,0.23338124876627334,0.0024999567468079447
0.318,4.576456483661161,0.0018457942732928191,0.23316441035900798,0.002499957968543311
0.319,4.57229180545499,0.0018399545304709638,0.23294837979899882,0.0024999592127127298
0.32,4.568140762490969,0.001834151122642642,0.23273315158315963,0.002499960479076225
0.321,4.564003268882888,0.0018283837086686596,0.2325187202619674,0.002499961767387151
0.322,4.559879239551607,0.0018226519516435524,0.2323050804387835,0.002499963077392278
0.323,4.555768590214857,0.0018169555188326978,0.23209222676918573,0.002499964408831821
0.324,4.551671237377295,0.001811294081609828,0.23188015396031098,0.002499965761439506
0.325,4.547587098320694,0.001805667315395662,0.23166885677020826,0.0024999671349426053
0.326,4.543516091094299,0.00180007489959868,0.23145833000720192,0.0024999685290620012
0.327,4.5394581345053275,0.0017945165175554197,0.23124856852926481,0.0024999699435122296
0.328,4.535413148109557,0.001788991856472743,0.2310395672434014,0.0024999713780015365
0.329,4.5313810522022,0.001783500607371544,0.2308313211050402,0.00249997283223194
0.33,4.527361767808762,0.0017780424650299291,0.23062382511743595,0.0024999743058992537
0.331,4.523355216676113,0.0017726171279289992,0.2304170743310808,0.002499975798693168
0.332,4.519361321263748,0.0017672242981984737,0.23021106384312465,0.002499977310297289
0.333,4.5153800047350074,0.0017618636815637252,0.2300057887968044,0.0024999788403891905
0.334,4.511411190948671,0.0017565349872937063,0.2298012443808818,0.002499980388640479
0.335,4.507454804450481,0.0017512379281493864,0.22959742582909004,0.002499981954716834
0.336,4.503510770464859,0.0017459722203334975,0.22939432841958865,0.0024999835382780475
0.337,4.499579014886791,0.0017407375834410182,0.22919194747442653,0.002499985138978124
0.338,4.495659464273777,0.0017355337404101445,0.22899027835901326,0.002499986756465274
0.339,4.491752045837904,0.0017303604174743591,0.22878931648159823,0.002499988390382022
0.34,4.487856687438098,0.0017252173441154807,0.22858905729275752,0.0024999900403652143
0.341,4.4839733175723975,0.0017201042530168725,0.22838949628488864,0.0024999917060460996
0.342,4.4801018653704,0.0017150208800179702,0.22819062899171244,0.002499993387050384
0.343,4.47624226058584,0.0017099669640692572,0.22799245098778273,0.002499995082998257
0.34400000000000003,4.472394433589226,0.0017049422471881776,0.22779495788800283,0.002499996793504479
0.34500000000000003,4.468558315360601,0.0016999464744153984,0.22759814534714948,0.002499998518178408
0.34600000000000003,4.464733837482415,0.0016949793937720535,0.22740200905940355,0.0025000002566240706
0.34700000000000003,4.460920932132502,0.0016900407562176409,0.2272065447578877,0.0025000020084402037
0.34800000000000003,4.457119532077215,0.0016851303156085948,0.22701174821421072,0.0025000037732203157
0.34900000000000003,4.453329570664487,0.001680247828657184,0.22681761523801838,0.0025000055505527336
0.35000000000000003,4.449550981817205,0.0016753930548915016,0.22662414167655104,0.002500007340020665
0.35100000000000003,4.445783700026579,0.0016705657566159582,0.22643132341420733,0.002500009141202231
0.352,4.442027660345565,0.0016657656988719124,0.22623915637211425,0.00250001095367055
0.353,4.438282798382443,0.001660992649399914,0.22604763650770346,0.0025000127769937647
0.354,4.434549050294521,0.0016562463786012201,0.22585675981429346,0.002500014610735104
0.355,4.430826352781825,0.0016515266595013213,0.2256665223206778,0.002500016454452947
0.356,4.42711464308098,0.0016468332677125846,0.22547692009071926,0.002500018307700848
0.357,4.423413858959084,0.001642165981398723,0.2252879492229494,0.0025000201700276278
0.358,4.419723938707752,0.0016375245812391523,0.22509960585017413,0.002500022040977383
0.359,4.416044821137262,0.001632908850393594,0.22491188613908458,0.002500023920089575
0.36,4.4123764455706045,0.0016283185744682376,0.22472478628987355,0.0025000258068990696
0.361,4.40871875183786,0.0016237535414812903,0.2245383025358572,0.002500027700936169
0.362,4.405071680270488,0.0016192135418297705,0.22435243114310202,0.0025000296017267105
0.363,4.401435171695779,0.0016146983682566523,0.22416716841005713,0.002500031508792071
0.364,4.3978091674313,0.0016102078158179817,0.2239825106671914,0.0025000334216492446
0.365,4.394193609279501,0.0016057416818517464,0.22379845427663578,0.0025000353398108807
0.366,4.3905884395224035,0.001601299765945368,0.22361499563183035,0.002500037262785359
0.367,4.38699360091624,0.0015968818699054407,0.2234321311571765,0.002500039190076818
0.368,4.3834090366863165,0.0015924877977269026,0.22324985730769362,0.002500041121185213
0.369,4.379834690521875,0.0015881173555630532,0.2230681705686804,0.00250004305560636
0.37,4.37627050657098,0.0015837703516956491,0.222887067455381,0.002500044992832016
0.371,4.372716429435618,0.0015794465965059585,0.22270654451265556,0.002500046932349888
0.372,4.369172404166656,0.0015751459024458288,0.22252659831465518,0.0025000488736437207
0.373,4.365638376259109,0.0015708680840094004,0.2223472254645013,0.002500050816193317
0.374,4.362114291647256,0.0015666129577051634,0.22216842259396935,0.002500052759474616
0.375,4.358600096699932,0.001562380342028294,0.22199018636317666,0.0025000547029597154
0.376,4.355095738215928,0.0015581700574337238,0.22181251346027459,0.0025000566461169512
0.377,4.351601163419318,0.0015539819263092368,0.2216354006011446,0.0025000585884109258
0.378,4.34811631995493,0.0015498157729494516,0.22145884452909856,0.0025000605293025615
0.379,4.344641155883927,0.001545671423529306,0.2212828420145829,0.002500062468249155
0.38,4.341175619679319,0.0015415487060792276,0.22110738985488662,0.002500064404704418
0.381,4.337719660221632,0.0015374474504592668,0.2209324848738533,0.0025000663381185588
0.382,4.334273226794635,0.0015333674883347692,0.2207581239215968,0.002500068267938273
0.383,4.330836269081045,0.0015293086531516285,0.22058430387422062,0.002500070193606836
0.384,4.327408737158395,0.0015252707801124013,0.2204110216335411,0.0025000721145641506
0.385,4.323990581494846,0.0015212537061524381,0.220238274126814,0.002500074030246777
0.386,4.320581752945145,0.001517257269916509,0.2200660583064649,0.0025000759400879815
0.387,4.317182202746604,0.0015132813117358852,0.21989437114982285,0.0025000778435178097
0.388,4.313791882515073,0.0015093256736053815,0.21972320965885767,0.0025000797399630987
0.389,4.310410744241113,0.0015053901991613527,0.2195525708599204,0.0025000816288475586
0.39,4.307038740286036,0.0015014747336592742,0.21938245180348728,0.002500083509591784
0.391,4.303675823378157,0.0014975791239523473,0.21921284956390705,0.002500085381613346
0.392,4.300321946608944,0.0014937032184698502,0.21904376123915126,0.0025000872443267977
0.393,4.296977063429378,0.0014898468671963319,0.21887518395056793,0.0025000890971437393
0.394,4.293641127646241,0.0014860099216504699,0.2187071148426384,0.0025000909394728575
0.395,4.290314093418472,0.0014821922348650588,0.21853955108273715,0.0025000927707199976
0.396,4.286995915253627,0.0014783936613665116,0.21837248986089458,0.0025000945902881578
0.397,4.283686548004311,0.0014746140571551107,0.2182059283895631,0.0025000963975775965
0.398,4.2803859468646905,0.0014708532796854855,0.2180398639033859,0.0025000981919858297
0.399,4.277094067367099,0.0014671111878473823,0.21787429365896863,0.002500099972907696
0.4,4.273810865378544,0.0014633876419464173,0.2177092149346542,0.0025001017397354047
0.401,4.270536297097404,0.0014596825036859154,0.2175446250303,0.0025001034918585756
0.402,4.2672703190501355,0.0014559956361476112,0.21738052126705842,0.0025001052286642814
0.403,4.264012888087942,0.0014523269037744503,0.2172169009871595,0.0025001069495370937
0.404,4.260763961383553,0.001448676172352178,0.21705376155369682,0.0025001086538591344
0.405,4.257523496428079,0.0014450433089915951,0.21689110035041573,0.0025001103410101097
0.406,4.254291451027757,0.001441428182111848,0.2167289147815043,0.002500112010367355
0.40700000000000003,4.251067783300933,0.0014378306614225643,0.21656720227138687,0.002500113661305892
0.40800000000000003,4.247852451674948,0.0014342506179073967,0.21640596026452014,0.0025001152931984584
0.40900000000000003,4.2446454148830846,0.0014306879238076273,0.21624518622519165,0.0025001169054155456
0.41000000000000003,4.241446631961569,0.0014271424526055318,0.21608487763732093,0.002500118497325454
0.41100000000000003,4.238256062246641,0.0014236140790082953,0.2159250320042629,0.0025001200682943465
0.41200000000000003,4.235073665371568,0.0014201026789323764,0.21576564684861385,0.002500121617686255
0.41300000000000003,4.231899401263788,0.001416608129487685,0.21560671971201958,0.002500123144863159
0.41400000000000003,4.22873323014206,0.0014131303089622296,0.21544824815498598,0.002500124649185006
0.41500000000000004,4.225575112513612,0.0014096690968072663,0.215290229756692,0.002500126130009763
0.41600000000000004,4.22242500917137,0.0014062243736219823,0.21513266211480464,0.002500127586693458
0.417,4.219282881191171,0.0014027960211389868,0.21497554284529652,0.0025001290185902108
0.418,4.216148689929107,0.0013993839222098613,0.21481886958226523,0.0025001304250522865
0.419,4.213022397018783,0.0013959879607909186,0.2146626399777552,0.0025001318054301367
0.42,4.209903964368647,0.0013926080219291734,0.2145068517015815,0.002500133159072421
0.421,4.2067933541593945,0.0013892439917483426,0.21435150244115594,0.002500134485326078
0.422,4.2036905288413795,0.0013858957574355657,0.21419658990131502,0.0025001357835363375
0.423,4.200595451132051,0.0013825632072278168,0.21404211180415003,0.002500137053046773
0.424,4.197508084013339,0.0013792462303984098,0.2138880658888393,0.002500138293199349
0.425,4.1944283907292705,0.0013759447172447974,0.2137344499114822,0.002500139503334442
0.426,4.191356334783445,0.0013726585590747538,0.21358126164493527,0.002500140682790894
0.427,4.1882918799365605,0.0013693876481948135,0.21342849887865029,0.0025001418309060436
0.428,4.1852349902040125,0.0013661318778968503,0.21327615941851413,0.00250014294701577
0.429,4.182185629853531,0.0013628911424467321,0.21312424108669067,0.002500144030454532
0.43,4.179143763402811,0.0013596653370715722,0.21297274172146435,0.0025001450805554053
0.431,4.17610935561714,0.001356454357948512,0.21282165917708576,0.0025001460966501085
0.432,4.1730823715071494,0.001353258102192476,0.21267099132361894,0.0025001470780690645
0.433,4.170062776326477,0.0013500764678451135,0.21252073604679048,0.0025001480241414165
0.434,4.167050535569563,0.0013469093538632474,0.21237089124784028,0.0025001489341950787
0.435,4.164045614969399,0.0013437566601078245,0.2122214548433743,0.002500149807556776
0.436,4.161047980495325,0.0013406182873327835,0.21207242476521873,0.002500150643552051
0.437,4.158057598350851,0.0013374941371745738,0.21192379896027602,0.0025001514415053526
0.438,4.15507443497151,0.0013343841121412786,0.21177557539038247,0.002500152200740018
0.439,4.152098457022752,0.0013312881156020825,0.21162775203216758,0.0025001529205783573
0.44,4.149129631397772,0.0013282060517772198,0.21148032687691487,0.0025001536003416464
0.441,4.146167925215526,0.0013251378257275136,0.2113332979304245,0.002500154239350195
0.442,4.143213305818583,0.00132208334334464,0.2111866632128772,0.0025001548369233692
0.443,4.140265740771162,0.0013190425113411123,0.21104042075870005,0.002500155392379628
0.444,4.137325197857073,0.0013160152372407507,0.21089456861643344,0.002500155905036555
0.445,4.134391645077768,0.0013130014293689376,0.21074910484859996,0.0025001563742108983
0.446,4.1314650506503305,0.0013100009968433682,0.21060402753157442,0.002500156799218595
0.447,4.128545383005577,0.0013070138495645963,0.21045933475545553,0.0025001571793748334
0.448,4.12563261078611,0.0013040398982072901,0.21031502462393897,0.0025001575139940555
0.449,4.12272670284443,0.0013010790542110433,0.21017109525419192,0.002500157802390003
0.45,4.11982762824101,0.001298131229771201,0.21002754477672905,0.0025001580438757578
0.451,4.116935356242527,0.0012951963378309886,0.20988437133528978,0.00250015823776376
0.452,4.114049856319932,0.0012922742920721483,0.209741573086717,0.0025001583833658596
0.453,4.111171098146675,0.0012893650069069282,0.20959914820083714,0.0025001584799933334
0.454,4.10829905159692,0.0012864683974696128,0.20945709486034159,0.0025001585269569296
0.455,4.10543368674371,0.0012835843796085032,0.20931541126066947,0.002500158523566901
0.456,4.1025749738572825,0.001280712869877609,0.20917409560989156,0.002500158469133017
0.457,4.099722883403284,0.0012778537855290927,0.20903314612859575,0.0025001583629646316
0.458,4.096877386041015,0.001275007044505109,0.20889256104977355,0.0025001582043706764
0.459,4.094038452621811,0.0012721725654302846,0.20875233861870796,0.0025001579926597203
0.46,4.091206054187296,0.0012693502676042112,0.20861247709286262,0.002500157727139993
0.461,4.088380161967735,0.0012665400709937753,0.208472974741772,0.0025001574071194074
0.462,4.085560747380374,0.0012637418962261034,0.20833382984693313,0.0025001570319056103
0.463,4.082747782027853,0.001260955664581075,0.2081950407016981,0.002500156600805991
0.464,4.079941237696525,0.0012581812979842733,0.208056605611168,0.002500156113127729
0.465,4.077141086354878,0.0012554187190002666,0.20791852289208815,0.0025001555681778117
0.466,4.074347300152019,0.0012526678508251565,0.20778079087274404,0.002500154965263075
0.467,4.071559851416038,0.0012499286172802317,0.2076434078928588,0.0025001543036902375
0.468,4.068778712652485,0.0012472009428050991,0.20750637230349164,0.002500153582765906
0.46900000000000003,4.066003856542856,0.0012444847524511178,0.20736968246693743,0.0025001528017966324
0.47000000000000003,4.063235255943031,0.0012417799718748954,0.2072333367566272,0.0025001519600889293
0.47100000000000003,4.060472883881873,0.0012390865273319673,0.20709733355703,0.0025001510569493
0.47200000000000003,4.057716713559637,0.0012364043456701934,0.20696167126355555,0.0025001500916842804
0.47300000000000003,4.054966718346562,0.00123373335432401,0.20682634828245822,0.0025001490636004336
0.47400000000000003,4.052222871781417,0.0012310734813080614,0.20669136303074168,0.0025001479720044347
0.47500000000000003,4.0494851475700635,0.0012284246552110938,0.20655671393606498,0.0025001468162030318
0.47600000000000003,4.046753519584001,0.0012257868051902927,0.20642239943664925,0.0025001455955031408
0.47700000000000004,4.044027961859031,0.001223159860965055,0.2062884179811857,0.0025001443092118186
0.47800000000000004,4.041308448593808,0.0012205437528118393,0.2061547680287444,0.002500142956636319
0.47900000000000004,4.038594954148442,0.0012179384115576935,0.20602144804868425,0.0025001415370841194
0.48,4.0358874530432445,0.0012153437685754186,0.20588845652056353,0.0025001400498629333
0.481,4.033185919957238,0.0012127597557775648,0.20575579193405194,0.0025001384942807737
0.482,4.03049032972694,0.00121018630561131,0.205623452788843,0.0025001368696459174
0.483,4.027800657344964,0.0012076233510528679,0.2054914375945678,0.002500135175266998
0.484,4.025116877958746,0.0012050708256024008,0.2053597448707095,0.0025001334104529866
0.485,4.022438966869252,0.0012025286632788813,0.20522837314651854,0.002500131574513235
0.486,4.019766899529673,0.0011999967986147024,0.20509732096092928,0.00250012966675752
0.487,4.017100651544212,0.0011974751666509352,0.20496658686247685,0.0025001276864960206
0.488,4.0144401986667315,0.0011949637029322084,0.20483616940921542,0.0025001256330393945
0.489,4.011785516799634,0.0011924623435018307,0.20470606716863693,0.0025001235056987775
0.49,4.009136581992511,0.0011899710248970583,0.2045762787175909,0.002500121303785817
0.491,4.0064933704410155,0.0011874896841441256,0.20444680264220505,0.0025001190266126863
0.492,4.0038558584856085,0.00118501825875397,0.2043176375378066,0.0025001166734921194
0.493,4.001224022610403,0.0011825566867170942,0.2041887820088446,0.0025001142437374403
0.494,3.998597839441942,0.0011801049064993543,0.20406023466881287,0.0025001117366625753
0.495,3.9959772857480482,0.0011776628570374268,0.20393199414017385,0.002500109151582086
0.496,3.9933623384366967,0.0011752304777342783,0.2038040590542832,0.0025001064878111875
0.497,3.9907529745547707,0.0011728077084548992,0.20367642805131517,0.0025001037446657753
0.498,3.9881491712870725,0.001170394489521977,0.20354909978018873,0.002500100921462449
0.499,3.9855509059550966,0.0011679907617115819,0.20342207289849457,0.002500098017518537
0.5,3.9829581560159264,0.001165596466249213,0.20329534607242258,0.002500095032152123
0.501,3.9803708990611613,0.0011632115448053219,0.2031689179766904,0.0025000919646820555
0.502,3.977789112815838,0.0011608359394914842,0.20304278729447245,0.0025000888144279805
0.503,3.9752127751373,0.001158469592856343,0.20291695271732985,0.002500085580710375
0.504,3.9726418640141894,0.0011561124478816573,0.20279141294514083,0.0025000822628505484
0.505,3.9700763575653184,0.0011537644479783608,0.20266616668603216,0.0025000788601706736
0.506,3.9675162340386967,0.001151425536982736,0.20254121265631098,0.0025000753719938273
0.507,3.9649614718104633,0.0011490956591526328,0.2024165495803975,0.0025000717976439587
0.508,3.9624120493838166,0.0011467747591635896,0.20229217619075832,0.0025000681364459945
0.509,3.959867945388069,0.0011444627821052878,0.2021680912278404,0.0025000643877257788
0.51,3.957329138577598,0.0011421596734780283,0.20204429344000577,0.0025000605508101402
0.511,3.954795607830845,0.0011398653791886593,0.2019207815834667,0.0025000566250269075
0.512,3.952267332149357,0.0011375798455474752,0.2017975544222219,0.002500052609704916
0.513,3.9497442906567857,0.0011353030192646067,0.2016746107279928,0.0025000485041740497
0.514,3.9472264625979165,0.0011330348474463783,0.2015519492801611,0.002500044307765243
0.515,3.944713827337733,0.0011307752775920716,0.2014295688657064,0.002500040019810507
0.516,3.9422063643604313,0.001128524257590435,0.2013074682791448,0.002500035639642953
0.517,3.93970405326852,0.0011262817357165296,0.20118564632246796,0.002500031166596812
0.518,3.937206873781843,0.0011240476606282632,0.2010641018050827,0.002500026600007454
0.519,3.934714805736701,0.0011218219813631295,0.20094283354375134,0.0025000219392114086
0.52,3.932227829084922,0.0011196046473352182,0.20082184036253264,0.002500017183546376
0.521,3.9297459238929244,0.0011173956083318,0.2007011210927232,0.0025000123323512618
0.522,3.92726907034087,0.0011151948145103876,0.20058067457279943,0.0025000073849661838
0.523,3.924797248721761,0.0011130022163954548,0.2004604996483602,0.002500002340732497
0.524,3.922330439440546,0.001110817764875519,0.20034059517207012,0.002499997198992815
0.525,3.9198686230132367,0.001108641411200306,0.20022096000360295,0.0024999919590910137
0.526,3.917411780066095,0.001106473106977406,0.20010159300958627,0.0024999866203722783
0.527,3.9149598913347345,0.0011043128041693874,0.1999824930635459,0.0024999811821830795
0.528,3.912512937663306,0.0011021604550913923,0.19986365904585152,0.002499975643871234
0.529,3.910070900003619,0.0011000160124073522,0.19974508984366238,0.002499970004785899
0.53,3.9076337594143506,0.0010978794291281778,0.19962678435087386,0.002499964264277606
0.531,3.9052014970601885,0.0010957506586082085,0.19950874146806422,0.0024999584216982506
0.532,3.902774094211055,0.0010936296545425793,0.1993909601024422,0.002499952476401132
0.533,3.900351532241277,0.0010915163709650016,0.19927343916779477,0.002499946427740978
0.534,3.8979337926287556,0.0010894107622442986,0.1991561775844357,0.0024999402750739406
0.535,3.895520856954281,0.0010873127830820963,0.19903917427915455,0.0024999340177576136
0.536,3.8931127069006046,0.0010852223885103537,0.19892242818516587,0.002499927655151077
0.537,3.89070932425176,0.0010831395338884138,0.19880593824205936,0.002499921186614872
0.538,3.8883106908922676,0.0010810641749005624,0.19868970339575012,0.0024999146115110642
0.539,3.885916788806368,0.001078996267553618,0.1985737225984295,0.002499907929203214
0.54,3.8835276000772474,0.0010769357681739342,0.19845799480851656,0.0024999011390564306
0.541,3.881143106886335,0.001074882633405574,0.19834251899060962,0.002499894240437356
0.542,3.878763291512543,0.0010728368202073068,0.19822729411543877,0.0024998872327142143
0.543,3.8763881363315056,0.0010707982858502475,0.19811231915981842,0.0024998801152567893
0.544,3.8740176238148685,0.001068766987915636,0.1979975931066005,0.0024998728874364743
0.545,3.871651736529578,0.0010667428842923194,0.19788311494462804,0.0024998655486262655
0.546,3.8692904571371725,0.0010647259331743705,0.1977688836686892,0.0024998580982007836
0.547,3.8669337683930465,0.0010627160930587864,0.19765489827947164,0.002499850535536303
0.548,3.864581653145767,0.0010607133227429682,0.1975411577835176,0.0024998428600107345
0.549,3.862234094336377,0.001058717581322852,0.1974276611931791,0.002499835071003664
0.55,3.8598910749976914,0.0010567288281901586,0.1973144075265736,0.002499827167896368
0.551,3.8575525782536615,0.0010547470230305312,0.19720139580754023,0.0024998191500718134
0.552,3.8552185873186553,0.0010527721258209665,0.19708862506559638,0.002499811016914679
0.553,3.8528890854967823,0.001050804096828001,0.19697609433589455,0.0024998027678113776
0.554,3.8505640561812804,0.0010488428966050317,0.19686380265917983,0.0024997944021500607
0.555,3.8482434828537944,0.0010468884859907086,0.1967517490817475,0.0024997859193206214
0.556,3.8459273490837775,0.0010449408261063253,0.1966399326554013,0.0024997773187147273
0.557,3.8436156385278286,0.001042999878353961,0.19652835243741199,0.0024997685997258296
0.558,3.8413083349290496,0.0010410656044143169,0.19641700749047603,0.002499759761749167
0.559,3.8390054221163936,0.0010391379662447275,0.19630589688267513,0.0024997508041817856
0.56,3.836706884004079,0.0010372169260767106,0.19619501968743583,0.0024997417264225512
0.561,3.8344127045909415,0.0010353024464145684,0.19608437498348952,0.002499732527872167
0.562,3.8321228679598,0.0010333944900328127,0.19597396185483285,0.0024997232079331665
0.5630000000000001,3.829837358276894,0.0010314930199744091,0.19586377939068844,0.0024997137660099497
0.5640000000000001,3.8275561597912384,0.0010295979995488492,0.19575382668546618,0.0024997042015087833
0.5650000000000001,3.8252792568340372,0.0010277093923300171,0.19564410283872452,0.0024996945138378132
0.5660000000000001,3.8230066338180935,0.0010258271621542533,0.1955346069551324,0.00249968470240708
0.5670000000000001,3.820738275237211,0.0010239512731186732,0.19542533814443136,0.0024996747666285258
0.5680000000000001,3.818474165665619,0.0010220816895789343,0.19531629552139818,0.0024996647059160088
0.5690000000000001,3.8162142897573883,0.0010202183761475652,0.19520747820580764,0.002499654519685313
0.5700000000000001,3.813958632245847,0.001018361297691809,0.1950988853223957,0.002499644207354165
0.5710000000000001,3.8117071779430685,0.001016510419332385,0.19499051600082315,0.0024996337683422403
0.5720000000000001,3.809459911739195,0.0010146657064406598,0.19488236937563932,0.002499623202071171
0.5730000000000001,3.807216818602032,0.0010128271246378612,0.1947744445862464,0.0024996125079645624
0.5740000000000001,3.804977883576335,0.0010109946397924324,0.19466674077686386,0.002499601685447994
0.5750000000000001,3.8027430917834075,0.0010091682180187942,0.1945592570964933,0.0024995907339490572
0.5760000000000001,3.800512428420461,0.0010073478256751858,0.1944519926988836,0.0024995796528973274
0.577,3.798285878760103,0.0010055334293622297,0.19434494674249636,0.002499568441724396
0.578,3.7960634281497887,0.0010037249959209198,0.19423811839047167,0.002499557099863888
0.579,3.793845062011383,0.0010019224924308907,0.1941315068105942,0.0024995456267514525
0.58,3.791630765840483,0.001000125886208851,0.1940251111752595,0.0024995340218247827
0.581,3.7894205252060313,0.0009983351448068967,0.19391893066144072,0.002499522284523619
0.582,3.7872143257497273,0.0009965502360104134,0.19381296445065554,0.00249951041428977
0.583,3.7850121531855647,0.000994771127837038,0.19370721172893354,0.0024994984105671243
0.584,3.7828139932992713,0.0009929977885344448,0.19360167168678358,0.0024994862728016285
0.585,3.7806198319478588,0.0009912301865788661,0.19349634351916173,0.002499474000441335
0.586,3.7784296550591168,0.0009894682906736174,0.19339122642543932,0.002499461592936392
0.587,3.776243448631086,0.0009877120697472201,0.1932863196093715,0.0024994490497390496
0.588,3.774061198731604,0.0009859614929518322,0.1931816222790657,0.002499436370303686
0.589,3.7718828914978286,0.000984216529661805,0.19307713364695073,0.002499423554086782
0.59,3.7697085131357175,0.000982477149472018,0.1929728529297459,0.002499410600546971
0.591,3.7675380499195885,0.0009807433221960837,0.19286877934843064,0.002499397509145019
0.592,3.765371488191641,0.0009790150178651117,0.19276491212821412,0.0024993842793438457
0.593,3.763208814361486,0.0009772922067259673,0.19266125049850535,0.0024993709106085164
0.594,3.7610500149056936,0.000975574859239757,0.1925577936928835,0.002499357402406274
0.595,3.7588950763673017,0.0009738629460802129,0.19245454094906836,0.002499343754206528
0.596,3.75674398535541,0.0009721564381324568,0.19235149150889116,0.0024993299654808674
0.597,3.7545967285446866,0.0009704553064910018,0.19224864461826566,0.002499316035703068
0.598,3.752453292674952,0.0009687595224589395,0.19214599952715936,0.002499301964349107
0.599,3.7503136645507045,0.0009670690575455522,0.1920435554895652,0.002499287750897153
0.6,3.7481778310407328,0.0009653838834658344,0.1919413117634732,0.0024992733948275884
0.601,3.7460457790776074,0.0009637039721382079,0.1918392676108426,0.002499258895623016
0.602,3.7439174956573367,0.0009620292956834125,0.19173742229757412,0.0024992442527682493
0.603,3.741792967838847,0.0009603598264232513,0.19163577509348242,0.0024992294657503436
0.604,3.739672182743636,0.000958695536878652,0.19153432527226893,0.0024992145340585765
0.605,3.737555127555315,0.0009570363997687327,0.19143307211149477,0.0024991994571844918
0.606,3.735441789519175,0.000955382388009055,0.19133201489255403,0.0024991842346218473
0.607,3.7333321559418517,0.0009537334747105497,0.19123115290064718,0.0024991688658666795
0.608,3.731226214190811,0.0009520896331776355,0.19113048542475472,0.002499153350417281
0.609,3.7291239516940027,0.0009504508369072706,0.19103001175761117,0.002499137687774202
0.61,3.7270253559394817,0.0009488170595875157,0.19092973119567905,0.0024991218774402715
0.611,3.7249304144749473,0.0009471882750958209,0.19082964303912328,0.002499105918920603
0.612,3.722839114907383,0.0009455644574980391,0.19072974659178585,0.0024990898117225775
0.613,3.7207514449026773,0.0009439455810472024,0.19063004116116036,0.0024990735553558734
0.614,3.7186673921851794,0.0009423316201815526,0.1905305260583672,0.0024990571493324672
0.615,3.7165869445373754,0.0009407225495237966,0.19043120059812865,0.002499040593166623
0.616,3.7145100897995107,0.0009391183438795702,0.19033206409874434,0.002499023886374912
0.617,3.7124368158691254,0.0009375189782361407,0.1902331158820668,0.0024990070284762185
0.618,3.7103671107007763,0.0009359244277611283,0.1901343552734773,0.002498990018991739
0.619,3.7083009623056196,0.0009343346678010997,0.19003578160186188,0.0024989728574449878
0.62,3.7062383587510377,0.000932749673880488,0.18993739419958758,0.002498955543361799
0.621,3.70417928816028,0.0009311694217001884,0.18983919240247876,0.002498938076270335
0.622,3.7021237387121255,0.000929593887136199,0.18974117554979394,0.002498920455701093
0.623,3.7000716986404676,0.0009280230462385888,0.1896433429842023,0.0024989026811869006
0.624,3.6980231562340116,0.0009264568752300246,0.18954569405176097,0.002498884752262934
0.625,3.695978099835899,0.0009248953505047505,0.18944822810189202,0.0024988666684667
0.626,3.6939365178433423,0.0009233384486270576,0.18935094448735998,0.0024988484293380618
0.627,3.69189839870731,0.0009217861463303471,0.18925384256424932,0.0024988300344192253
0.628,3.689863730932146,0.0009202384205157448,0.18915692169194223,0.0024988114832547675
0.629,3.6878325030752577,0.0009186952482510164,0.18906018123309662,0.002498792775391609
0.63,3.685804703746774,0.0009171566067690319,0.18896362055362415,0.0024987739103790375
0.631,3.683780321609178,0.0009156224734672311,0.18886723902266858,0.002498754887768696
0.632,3.681759345376999,0.000914092825905553,0.18877103601258421,0.0024987357071146136
0.633,3.679741763816498,0.0009125676418061013,0.1886750108989147,0.0024987163679731834
0.634,3.677727565745303,0.0009110468990513912,0.18857916306037162,0.002498696869903155
0.635,3.6757167400321045,0.000909530575683493,0.18848349187881366,0.0024986772124656878
0.636,3.673709275596324,0.0009080186499026348,0.18838799673922582,0.002498657395224296
0.637,3.6717051614078273,0.0009065111000664012,0.18829267702969862,0.0024986374177448844
0.638,3.6697043864865524,0.000905007904688106,0.18819753214140775,0.002498617279595735
0.639,3.667706939902234,0.0009035090424361311,0.18810256146859364,0.002498596980347539
0.64,3.6657128107740844,0.0009020144921324797,0.1880077644085414,0.0024985765195733468
0.641,3.663721988270467,0.0009005242327518864,0.18791314036156076,0.002498555896848626
0.642,3.6617344616086323,0.0008990382434203869,0.18781868873096633,0.0024985351117512242
0.643,3.659750220054364,0.0008975565034145957,0.18772440892305783,0.002498514163861394
0.644,3.657769252921704,0.0008960789921603621,0.1876303003471007,0.0024984930527617724
0.645,3.655791549572635,0.0008946056892316665,0.18753636241530663,0.00249847177803741
0.646,3.6538170994168446,0.0008931365743496555,0.18744259454281445,0.0024984503392757496
0.647,3.6518458919113277,0.0008916716273814566,0.18734899614767103,0.0024984287360666525
0.648,3.64987791656018,0.0008902108283391914,0.18725556665081247,0.0024984069680023587
0.649,3.64791316291429,0.0008887541573789037,0.18716230547604532,0.0024983850346775405
0.65,3.6459516205710303,0.0008873015947994124,0.187069212050028,0.0024983629356892536
0.651,3.643993279173965,0.0008858531210412892,0.18697628580225234,0.0024983406706369825
0.652,3.6420381284126377,0.0008844087166858831,0.18688352616502535,0.0024983182391226143
0.653,3.6400861580222,0.0008829683624542532,0.18679093257345103,0.0024982956407504416
0.654,3.6381373577831866,0.0008815320392061183,0.18669850446541242,0.0024982728751271705
0.655,3.6361917175212417,0.0008800997279387351,0.18660624128155368,0.002498249941861925
0.656,3.6342492271068214,0.0008786714097860439,0.1865141424652624,0.0024982268405662465
0.657,3.6323098764549373,0.0008772470660176424,0.1864222074626521,0.0024982035708540663
0.658,3.630373655524905,0.0008758266780375676,0.18633043572254468,0.0024981801323417582
0.659,3.6284405543200204,0.0008744102273835864,0.18623882669645325,0.002498156524648098
0.66,3.6265105628873693,0.000872997695725979,0.18614737983856486,0.002498132747394276
0.661,3.624583671317504,0.0008715890648666979,0.1860560946057235,0.0024981088002039033
0.662,3.6226598697442434,0.0008701843167382617,0.18596497045741328,0.002498084682703
0.663,3.620739148344315,0.0008687834334027966,0.18587400685574168,0.0024980603945200055
0.664,3.6188214973372648,0.0008673863970513668,0.18578320326542277,0.002498035935285781
0.665,3.6169069069850006,0.0008659931900023072,0.18569255915376087,0.0024980113046335966
0.666,3.614995367591715,0.000864603794701147,0.1856020739906342,0.0024979865021991384
0.667,3.613086869503535,0.0008632181937188694,0.1855117472484785,0.002497961527620504
0.668,3.6111814031083114,0.0008618363697517287,0.18542157840227103,0.0024979363805382273
0.669,3.6092789588353456,0.0008604583056194109,0.1853315669295146,0.0024979110605952265
0.67,3.6073795271551843,0.0008590839842649171,0.18524171231022166,0.002497885567436853
0.671,3.6054830985793744,0.0008577133887532507,0.18515201402689854,0.0024978599007108734
0.672,3.603589663660179,0.0008563465022705429,0.18506247156452993,0.0024978340600674597
0.673,3.60169921299037,0.0008549833081231131,0.1849730844105633,0.0024978080451591948
0.674,3.5998117372030096,0.0008536237897365326,0.18488385205489352,0.002497781855641088
0.675,3.597927226971181,0.0008522679306550173,0.18479477398984778,0.002497755491170537
0.676,3.596045673007783,0.000850915714539958,0.18470584971017023,0.0024977289514073664
0.677,3.5941670660652774,0.0008495671251696704,0.18461707871300703,0.0024977022360138054
0.678,3.59229139693547,0.0008482221464380675,0.18452846049789154,0.00249767534465449
0.679,3.590418656449298,0.000846880762353775,0.1844399945667294,0.0024976482769964573
0.68,3.5885488354765966,0.0008455429570396397,0.18435168042378403,0.002497621032709157
0.681,3.586681924925844,0.0008442087147314772,0.18426351757566178,0.002497593611464447
0.682,3.584817915743995,0.0008428780197773593,0.18417550553129786,0.002497566012936568
0.683,3.5829567989162125,0.0008415508566366829,0.18408764380194162,0.0024975382368021834
0.684,3.581098565465685,0.000840227209879394,0.18399993190114264,0.0024975102827403403
0.685,3.5792432064533988,0.0008389070641852329,0.1839123693447364,0.0024974821504324986
0.686,3.5773907129779037,0.0008375904043425737,0.18382495565083032,0.0024974538395624983
0.687,3.575541076175129,0.0008362772152479685,0.18373776000385333,0.0024974253498165817
0.6880000000000001,3.573694287218152,0.0008349674819050075,0.18365104008498528,0.002497396680883386
0.6890000000000001,3.5718503373170156,0.0008336611894236235,0.18356446654635444,0.002497367832453922
0.6900000000000001,3.5700092177184777,0.0008323583230193897,0.1834780389191089,0.0024973388042216207
0.6910000000000001,3.5681709197058264,0.0008310588680123405,0.1833917567365764,0.002497309595882269
0.6920000000000001,3.566335434598699,0.0008297628098267067,0.1833056195342511,0.0024972802071340427
0.6930000000000001,3.5645027537528406,0.000828470133989591,0.1832196268497804,0.002497250637677521
0.6940000000000001,3.5626728685599227,0.0008271808261303651,0.18313377822295218,0.002497220887215638
0.6950000000000001,3.5608457704473437,0.0008258948719799769,0.18304807319568162,0.0024971909554537116
0.6960000000000001,3.5590214508780136,0.0008246122573701167,0.18296251131199848,0.002497160842099445
0.6970000000000001,3.557199901350182,0.0008233329682322707,0.18287709211803443,0.002497130546862899
0.6980000000000001,3.5553811133972033,0.0008220569905971656,0.1827918151620104,0.0024971000694565164
0.6990000000000001,3.553565078587412,0.0008207843105937109,0.18270667999422407,0.0024970694095950968
0.7000000000000001,3.5517517885238643,0.0008195149144486367,0.18262168616703742,0.0024970385669958136
0.7010000000000001,3.5499412348441544,0.0008182487884853558,0.18253683323486442,0.0024970075413781874
0.7020000000000001,3.5481334092202608,0.000816985919123441,0.18245212075415873,0.0024969763324641206
0.7030000000000001,3.546328303358333,0.0008157262928776696,0.1823675482834016,0.002496944939977848
0.704,3.5445259089985015,0.0008144698963575259,0.18228311538308975,0.002496913363645974
0.705,3.5427262179147183,0.0008132167162660953,0.1821988216157235,0.002496881603197443
0.706,3.5409292219145234,0.0008119667393998607,0.18211466654579478,0.0024968496583635553
0.707,3.5391349128389322,0.0008107199526473634,0.18203064973977529,0.002496817528877945
0.708,3.53734328256219,0.0008094763429888678,0.1819467707661049,0.002496785214476594
0.709,3.5355543229916258,0.000808235897495689,0.18186302919518005,0.0024967527148978185
0.71,3.53376802606747,0.0008069986033289718,0.18177942459934204,0.0024967200298822686
0.711,3.5319843837626568,0.0008057644477396437,0.18169595655286574,0.002496687159172932
0.712,3.5302033880826817,0.0008045334180673481,0.1816126246319481,0.0024966541025151097
0.713,3.528425031065421,0.0008033055017394766,0.18152942841469694,0.0024966208596564465
0.714,3.526649304780917,0.0008020806862711742,0.1814463674811197,0.0024965874303468872
0.715,3.5248762013312636,0.000800858959263944,0.18136344141311234,0.002496553814338708
0.716,3.5231057128503926,0.0007996403084054375,0.18128064979444833,0.002496520011386488
0.717,3.52133783150393,0.0007984247214683381,0.18119799221076757,0.0024964860212471234
0.718,3.519572549489026,0.0007972121863102986,0.18111546824956565,0.0024964518436798185
0.719,3.517809859034162,0.0007960026908724779,0.1810330775001829,0.002496417478446069
0.72,3.516049752399007,0.000794796223179522,0.18095081955379386,0.0024963829253096754
0.721,3.514292221874291,0.0007935927713387437,0.18086869400339636,0.002496348184036735
0.722,3.512537259781534,0.0007923923235389564,0.18078670044380124,0.002496313254395623
0.723,3.5107848584730066,0.0007911948680507799,0.1807048384716216,0.0024962781361570225
0.724,3.509035010331477,0.0007900003932249582,0.18062310768526263,0.002496242829093882
0.725,3.507287707770118,0.0007888088874923996,0.18054150768491103,0.002496207332981435
0.726,3.5055429432323084,0.0007876203393633554,0.18046003807252486,0.002496171647597176
0.727,3.5038007091914793,0.0007864347374266163,0.1803786984518234,0.002496135772720894
0.728,3.5020609981509576,0.0007852520703492688,0.1802974884282768,0.0024960997081346164
0.729,3.5003238026438526,0.0007840723268754093,0.18021640760909638,0.0024960634536226613
0.73,3.4985891152328294,0.0007828954958261518,0.1801354556032243,0.0024960270089715787
0.731,3.496856928510022,0.0007817215660987251,0.1800546320213239,0.00249599037397018
0.732,3.495127235096853,0.0007805505266658701,0.1799739364757697,0.0024959535484095287
0.733,3.4934000276438484,0.0007793823665753251,0.17989336858063776,0.002495916532082925
0.734,3.491675298830567,0.000778217074948961,0.17981292795169587,0.002495879324785915
0.735,3.4899530413653927,0.0007770546409825083,0.17973261420639403,0.002495841926316277
0.736,3.4882332479854132,0.0007758950539447636,0.1796524269638548,0.0024958043364740235
0.737,3.486515911456234,0.000774738303176875,0.1795723658448639,0.0024957665550613753
0.738,3.484801024571898,0.0007735843780922646,0.17949243047186067,0.002495728581882796
0.739,3.483088580154685,0.0007724332681752607,0.17941262046892872,0.002495690416744954
0.74,3.481378571055011,0.0007712849629812012,0.17933293546178683,0.0024956520594567365
0.741,3.479670990151246,0.0007701394521354775,0.17925337507777944,0.0024956135098292216
0.742,3.4779658303495884,0.0007689967253332031,0.1791739389458677,0.0024955747676757003
0.743,3.4762630845839517,0.0007678567723381975,0.17909462669662024,0.0024955358328116687
0.744,3.474562745815779,0.00076671958298317,0.17901543796220423,0.002495496705054793
0.745,3.472864807033945,0.0007655851471681631,0.17893637237637638,0.0024954573842249483
0.746,3.471169261254583,0.0007644534548611014,0.17885742957447393,0.0024954178701441757
0.747,3.4694761015209874,0.000763324496096347,0.178778609193406,0.002495378162636701
0.748,3.467785320903448,0.0007621982609744946,0.1786999108716446,0.0024953382615289176
0.749,3.466096912499117,0.0007610747396618319,0.1786213342492161,0.00249529816664939
0.75,3.4644108694319034,0.0007599539223899042,0.1785428789676924,0.002495257877828839
0.751,3.462727184852314,0.0007588357994547762,0.17846454467018233,0.0024952173949001487
0.752,3.4610458519373317,0.0007577203612163555,0.17838633100132334,0.0024951767176983456
0.753,3.4593668638902564,0.0007566075980983977,0.17830823760727263,0.0024951358460606086
0.754,3.457690213940645,0.0007554975005873387,0.17823026413569912,0.0024950947798262546
0.755,3.456015895344113,0.0007543900592323952,0.17815241023577483,0.002495053518836736
0.756,3.4543439013822255,0.0007532852646444391,0.17807467555816658,0.0024950120629356324
0.757,3.452674225362404,0.0007521831074959674,0.17799705975502786,0.002494970411968654
0.758,3.45100686061775,0.0007510835785203295,0.17791956247999055,0.00249492856578362
0.759,3.4493418005069527,0.0007499866685113218,0.1778421833881568,0.002494886524230477
0.76,3.447679038414142,0.0007488923683225977,0.1777649221360909,0.002494844287161271
0.761,3.446018567748804,0.0007478006688672108,0.17768777838181135,0.0024948018544301443
0.762,3.4443603819455966,0.0007467115611171463,0.17761075178478275,0.0024947592258933535
0.763,3.4427044744642843,0.0007456250361028958,0.177533842005908,0.002494716401409229
0.764,3.4410508387896157,0.0007445410849125794,0.1774570487075204,0.002494673380838201
0.765,3.4393994684311373,0.0007434596986921629,0.1773803715533758,0.0024946301640427627
0.766,3.4377503569231433,0.0007423808686443398,0.17730381020864486,0.002494586750887512
0.767,3.4361034978245284,0.0007413045860282731,0.17722736433990535,0.00249454314123908
0.768,3.4344588847186897,0.0007402308421591671,0.1771510336151345,0.002494499334966178
0.769,3.4328165112133657,0.0007391596284077576,0.17707481770370137,0.0024944553319395774
0.77,3.4311763709405674,0.0007380909361998925,0.1769987162763593,0.002494411132032102
0.771,3.429538457556439,0.0007370247570158629,0.17692272900523845,0.0024943667351186153
0.772,3.4279027647411544,0.0007359610823903575,0.17684685556383828,0.002494322141076019
0.773,3.42626928619878,0.0007348999039115262,0.17677109562702023,0.0024942773497832554
0.774,3.424638015657208,0.0007338412132208462,0.17669544887100036,0.002494232361121292
0.775,3.423008946867987,0.0007327850020124564,0.1766199149733419,0.0024941871749731173
0.776,3.4213820736062344,0.0007317312620330851,0.1765444936129482,0.002494141791223738
0.777,3.4197573896705444,0.0007306799850809456,0.1764691844700554,0.002494096209760178
0.778,3.4181348888828547,0.0007296311630061497,0.17639398722622537,0.0024940504304714482
0.779,3.4165145650883395,0.0007285847877094657,0.17631890156433846,0.0024940044532485747
0.78,3.4148964121553194,0.00072754085114244,0.17624392716858656,0.002493958277984571
0.781,3.4132804239751096,0.0007264993453066824,0.176169063724466,0.0024939119045744346
0.782,3.4116665944619746,0.0007254602622535081,0.17609431091877073,0.0024938653329151495
0.783,3.410054917552966,0.0007244235940835829,0.1760196684395852,0.002493818562905663
0.784,3.4084453872078297,0.0007233893329464339,0.1759451359762776,0.002493771594446904
0.785,3.406837997408954,0.0007223574710400784,0.17587071321949296,0.002493724427441748
0.786,3.4052327421611643,0.0007213280006105028,0.1757963998611465,0.002493677061795048
0.787,3.403629615491699,0.0007203009139513556,0.17572219559441676,0.0024936294974135893
0.788,3.402028611450088,0.0007192762034036368,0.1756481001137389,0.002493581734206101
0.789,3.4004297241080312,0.0007182538613549437,0.17557411311479817,0.0024935337720832624
0.79,3.3988329475593235,0.0007172338802394951,0.17550023429452313,0.002493485610957669
0.791,3.397238275919722,0.0007162162525375323,0.17542646335107923,0.0024934372507438617
0.792,3.395645703326867,0.0007152009707746125,0.17535279998386222,0.0024933886913582753
0.793,3.3940552239401764,0.0007141880275222624,0.17527924389349164,0.002493339932719272
0.794,3.392466831940764,0.0007131774153958917,0.17520579478180448,0.002493290974747115
0.795,3.3908805215312894,0.0007121691270562033,0.1751324523518487,0.0024932418173639827
0.796,3.3892962869359264,0.000711163155207544,0.1750592163078769,0.002493192460493919
0.797,3.3877141224001903,0.0007101594925981563,0.17498608635534,0.002493142904062882
0.798,3.3861340221909435,0.0007091581320194879,0.17491306220088096,0.0024930931479986997
0.799,3.3845559805961827,0.0007081590663061718,0.17484014355232858,0.0024930431922310613
0.8,3.3829799919250325,0.0007071622883350736,0.17476733011869128,0.0024929930366915493
0.801,3.3814060505075894,0.0007061677910256996,0.17469462161015098,0.0024929426813136025
0.802,3.3798341506948786,0.0007051755673389385,0.17462201773805694,0.0024928921260324918
0.803,3.378264286858725,0.000704185610277788,0.17454951821491974,0.002492841370785366
0.804,3.376696453391669,0.0007031979128857209,0.1744771227544052,0.002492790415511201
0.805,3.375130644706877,0.0007022124682475381,0.1744048310713284,0.002492739260150818
0.806,3.3735668552380504,0.0007012292694882548,0.17433264288164774,0.002492687904646854
0.807,3.372005079439307,0.000700248309772832,0.17426055790245903,0.0024926363489437913
0.808,3.37044531178516,0.0006992695823062328,0.17418857585198955,0.0024925845929879053
0.809,3.3688875467703236,0.0006982930803327008,0.17411669644959224,0.0024925326367272963
0.81,3.367331778909734,0.0006973187971355737,0.17404491941573996,0.0024924804801118687
0.811,3.3657780027383675,0.0006963467260367064,0.17397324447201962,0.002492428123093315
0.812,3.364226212811192,0.0006953768603966871,0.17390167134112652,0.0024923755656251255
0.8130000000000001,3.3626764037030963,0.0006944091936139244,0.1738301997468586,0.002492322807662571
0.8140000000000001,3.3611285700087694,0.0006934437191244646,0.17375882941411078,0.002492269849162703
0.8150000000000001,3.3595827063426236,0.000692480430402002,0.1736875600688694,0.0024922166900843493
0.8160000000000001,3.3580388073387204,0.0006915193209570861,0.17361639143820665,0.0024921633303880905
0.8170000000000001,3.3564968676506677,0.0006905603843371741,0.1735453232502748,0.0024921097700362797
0.8180000000000001,3.354956881951512,0.0006896036141260323,0.17347435523430102,0.002492056008993
0.8190000000000001,3.353418844933726,0.0006886490039435364,0.17340348712058162,0.002492002047224106
0.8200000000000001,3.3518827513090623,0.0006876965474455006,0.17333271864047672,0.0024919478846971693
0.8210000000000001,3.350348595808475,0.0006867462383230591,0.17326204952640478,0.0024918935213815063
0.8220000000000001,3.348816373182051,0.0006857980703026407,0.17319147951183736,0.0024918389572481537
0.8230000000000001,3.347286078198924,0.0006848520371454348,0.1731210083312936,0.0024917841922698658
0.8240000000000001,3.3457577056471743,0.0006839081326472982,0.17305063572033494,0.0024917292264211056
0.8250000000000001,3.3442312503337908,0.0006829663506383489,0.17298036141555997,0.0024916740596780556
0.8260000000000001,3.3427067070845498,0.000682026684982605,0.17291018515459902,0.0024916186920185836
0.8270000000000001,3.341184070743913,0.0006810891295778622,0.17284010667610905,0.002491563123422255
0.8280000000000001,3.339663336175006,0.0006801536783551888,0.1727701257197684,0.002491507353870313
0.8290000000000001,3.3381444982595196,0.000679220325278845,0.17270024202627174,0.0024914513833456968
0.8300000000000001,3.3366275518975934,0.0006782890643458228,0.17263045533732477,0.0024913952118329977
0.8310000000000001,3.3351124920077795,0.0006773598895855941,0.17256076539563936,0.0024913388393184867
0.8320000000000001,3.3335993135269244,0.0006764327950600961,0.17249117194492833,0.00249128226579009
0.833,3.3320880114101366,0.0006755077748629135,0.1724216747299005,0.0024912254912373803
0.834,3.3305785806306707,0.0006745848231194962,0.17235227349625568,0.002491168515651588
0.835,3.329071016179862,0.0006736639339864654,0.1722829679906797,0.00249111133902557
0.836,3.3275653130670597,0.0006727451016520017,0.17221375796083943,0.002491053961353818
0.837,3.32606146631952,0.0006718283203347279,0.17214464315537803,0.002490996382632462
0.838,3.3245594709823796,0.0006709135842839817,0.17207562332390997,0.0024909386028592346
0.839,3.3230593221185245,0.0006700008877794777,0.17200669821701614,0.0024908806220334885
0.84,3.3215610148085535,0.0006690902251310197,0.1719378675862391,0.0024908224401561842
0.841,3.320064544150676,0.0006681815906778886,0.1718691311840784,0.0024907640572298722
0.842,3.3185699052606745,0.0006672749787893443,0.1718004887639856,0.0024907054732587024
0.843,3.317077093271795,0.0006663703838636452,0.17173194008035977,0.002490646688248412
0.844,3.3155861033346663,0.0006654678003280217,0.17166348488854263,0.0024905877022063103
0.845,3.3140969306172714,0.0006645672226387416,0.17159512294481397,0.0024905285151412874
0.846,3.31260957030484,0.0006636686452802368,0.17152685400638698,0.0024904691270637965
0.847,3.31112401759978,0.0006627720627655379,0.1714586778314037,0.0024904095379858363
0.848,3.3096402677216266,0.0006618774696353313,0.17139059417893035,0.002490349747920977
0.849,3.3081583159069226,0.0006609848604585401,0.1713226028089528,0.0024902897568843214
0.85,3.306678157409201,0.0006600942298311434,0.17125470348237212,0.0024902295648925273
0.851,3.305199787498892,0.0006592055723767059,0.17118689596099995,0.0024901691719637644
0.852,3.303723201463242,0.0006583188827458297,0.1711191800075541,0.002490108578117736
0.853,3.3022483946062344,0.0006574341556156628,0.17105155538565414,0.0024900477833756734
0.854,3.3007753622485856,0.000656551385690355,0.1709840218598169,0.002489986787760308
0.855,3.2993040997275846,0.000655670567700032,0.17091657919545217,0.0024899255912958747
0.856,3.2978346023970966,0.0006547916964011653,0.1708492271588582,0.0024898641940081265
0.857,3.2963668656274416,0.0006539147665760259,0.17078196551721753,0.0024898025959242892
0.858,3.294900884805358,0.0006530397730325359,0.1707147940385925,0.0024897407970730823
0.859,3.293436655333926,0.0006521667106041538,0.1706477124919211,0.0024896787974846984
0.86,3.2919741726325027,0.0006512955741495226,0.17058072064701268,0.0024896165971908155
0.861,3.290513432136656,0.0006504263585522102,0.17051381827454362,0.0024895541962245567
0.862,3.2890544292980786,0.0006495590587205986,0.1704470051460532,0.0024894915946205255
0.863,3.287597159584548,0.000648693669587735,0.17038028103393946,0.0024894287924147698
0.864,3.2861416184798506,0.0006478301861108464,0.17031364571145488,0.00248936578964477
0.865,3.2846878014836998,0.0006469686032715013,0.17024709895270243,0.00248930258634947
0.866,3.2832357041117133,0.0006461089160749698,0.17018064053263127,0.0024892391825692252
0.867,3.2817853218952804,0.0006452511195505356,0.17011427022703282,0.0024891755783458267
0.868,3.280336650381574,0.0006443952087506952,0.1700479878125366,0.0024891117737224845
0.869,3.2788896851334193,0.0006435411787514286,0.16998179306660624,0.0024890477687438245
0.87,3.2774444217292844,0.000642689024651829,0.16991568576753543,0.002488983563455863
0.871,3.2760008557631606,0.0006418387415738455,0.16984966569444393,0.002488919157906033
0.872,3.274558982844569,0.0006409903246620878,0.1697837326272736,0.002488854552143156
0.873,3.273118798598424,0.0006401437690838023,0.16971788634678442,0.002488789746217433
0.874,3.271680298665017,0.0006392990700284679,0.16965212663455073,0.0024887247401804524
0.875,3.270243478699947,0.0006384562227077059,0.16958645327295707,0.002488659534085172
0.876,3.2688083343740373,0.000637615222355047,0.1695208660451945,0.0024885941279859146
0.877,3.267374861373309,0.0006367760642257992,0.16945536473525669,0.0024885285219383656
0.878,3.265943055398883,0.0006359387435967934,0.169389949127936,0.0024884627159995625
0.879,3.2645129121669374,0.0006351032557663927,0.16932461900881982,0.00248839671022789
0.88,3.2630844274086597,0.0006342695960536768,0.16925937416428669,0.0024883305046830796
0.881,3.26165759687016,0.0006334377597993054,0.16919421438150253,0.0024882640994261756
0.882,3.260232416312423,0.0006326077423642945,0.16912913944841695,0.00248819749451958
0.883,3.258808881511247,0.0006317795391305918,0.16906414915375945,0.002488130690026987
0.884,3.2573869882571875,0.0006309531455004892,0.16899924328703575,0.002488063686013423
0.885,3.2559667323554846,0.0006301285568964898,0.16893442163852418,0.0024879964825452166
0.886,3.254548109626038,0.0006293057687613478,0.1688696839992719,0.0024879290796899906
0.887,3.253131115903309,0.0006284847765576059,0.16880503016109139,0.0024878614775166777
0.888,3.251715747036267,0.0006276655757676884,0.16874045991655662,0.0024877936760954876
0.889,3.250301998888351,0.0006268481618935962,0.16867597305899973,0.002487725675497904
0.89,3.248889867337427,0.0006260325304566284,0.1686115693825073,0.002487657475796713
0.891,3.2474793482756703,0.0006252186769974041,0.16854724868191676,0.0024875890770659367
0.892,3.246070437609559,0.0006244065970757583,0.168483010752813,0.0024875204793808866
0.893,3.2446631312598013,0.0006235962862702684,0.16841885539152462,0.0024874516828181066
0.894,3.2432574251612887,0.0006227877401784514,0.16835478239512075,0.002487382687455412
0.895,3.241853315263021,0.0006219809544161731,0.16829079156140728,0.0024873134933718496
0.896,3.2404507975280716,0.000621175924618038,0.16822688268892355,0.0024872441006477024
0.897,3.2390498679334954,0.0006203726464366935,0.16816305557693895,0.0024871745093644833
0.898,3.2376505224703256,0.0006195711155430022,0.1680993100254494,0.0024871047196049338
0.899,3.2362527571434656,0.0006187713276259406,0.16803564583517402,0.0024870347314530097
0.9,3.2348565679716916,0.0006179732783921061,0.16797206280755173,0.002486964544993881
0.901,3.2334619509875386,0.0006171769635658538,0.16790856074473787,0.0024868941603139122
0.902,3.2320689022372777,0.0006163823788889709,0.16784513944960092,0.0024868235775006835
0.903,3.2306774177808566,0.0006155895201207516,0.16778179872571916,0.0024867527966429405
0.904,3.2292874936918627,0.0006147983830376646,0.1677185383773773,0.002486681817830653
0.905,3.227899126057426,0.00061400896343313,0.16765535820956326,0.0024866106411549336
0.906,3.2265123109782157,0.0006132212571177388,0.16759225802796496,0.002486539266708089
0.907,3.2251270445683424,0.0006124352599186484,0.16752923763896693,0.002486467694583579
0.908,3.223743322955354,0.0006116509676796861,0.16746629684964726,0.0024863959248760427
0.909,3.2223611422801204,0.0006108683762613801,0.16740343546777411,0.002486323957681248
0.91,3.220980498696848,0.0006100874815403069,0.16734065330180292,0.002486251793096139
0.911,3.2196013883729897,0.0006093082794096516,0.16727795016087285,0.002486179431218777
0.912,3.218223807489173,0.0006085307657782984,0.1672153258548039,0.0024861068721483744
0.913,3.2168477522392216,0.000607754936571381,0.16715278019409355,0.002486034115985262
0.914,3.2154732188300006,0.0006069807877296827,0.16709031298991386,0.0024859611628309055
0.915,3.214100203481466,0.0006062083152097686,0.16702792405410818,0.002485888012787873
0.916,3.2127287024265576,0.0006054375149837111,0.16696561319918812,0.002485814665959861
0.917,3.211358711911142,0.0006046683830389479,0.16690338023833057,0.002485741122451651
0.918,3.2099902281940085,0.0006039009153783611,0.16684122498537454,0.002485667382369133
0.919,3.2086232475467753,0.0006031351080199127,0.16677914725481818,0.0024855934458192976
0.92,3.207257766253847,0.0006023709569966172,0.16671714686181568,0.002485519312910205
0.921,3.2058937806123904,0.0006016084583563479,0.16665522362217441,0.0024854449837510024
0.922,3.2045312869322533,0.0006008476081619642,0.16659337735235175,0.0024853704584519107
0.923,3.203170281535947,0.0006000884024906883,0.1665316078694523,0.0024852957371242212
0.924,3.2018107607585646,0.000599330837434576,0.16646991499122488,0.0024852208198802863
0.925,3.2004527209477405,0.0005985749090999136,0.16640829853605948,0.0024851457068335034
0.926,3.1990961584636315,0.000597820613607394,0.16634675832298448,0.00248507039809833
0.927,3.1977410696788127,0.0005970679470919876,0.16628529417166366,0.0024849948937902748
0.928,3.196387450978316,0.000596316905702527,0.16622390590239333,0.0024849191940258634
0.929,3.1950352987594677,0.0005955674856018808,0.1661625933360995,0.002484843298922665
0.93,3.1936846094319353,0.0005948196829669075,0.166101356294335,0.0024847672085992717
0.931,3.19233537941765,0.0005940734939879706,0.1660401945992766,0.002484690923175296
0.932,3.190987605150739,0.000593328914869185,0.1659791080737222,0.002484614442771365
0.933,3.189641283077486,0.0005925859418280957,0.16591809654108808,0.0024845377675091086
0.934,3.1882964096563233,0.0005918445710957691,0.165857159825406,0.002484460897511161
0.935,3.186952981357745,0.0005911047989164011,0.16579629775132054,0.002484383832901156
0.936,3.1856109946642635,0.0005903666215474703,0.16573551014408625,0.0024843065738037046
0.937,3.1842704460703684,0.0005896300352594839,0.1656747968295649,0.0024842291203444216
0.9380000000000001,3.1829313320824992,0.0005888950363359031,0.1656141576342228,0.0024841514726498684
0.9390000000000001,3.1815936492189687,0.0005881616210730861,0.165553592385128,0.0024840736308476166
0.9400000000000001,3.180257394009935,0.0005874297857801214,0.1654931009099477,0.002483995595066178
0.9410000000000001,3.1789225629973568,0.000586699526778799,0.1654326830369455,0.0024839173654350216
0.9420000000000001,3.177589152734949,0.0005859708404033475,0.1653723385949786,0.0024838389420845965
0.9430000000000001,3.1762571597881095,0.000585243723000556,0.16531206741349538,0.002483760325146271
0.9440000000000001,3.1749265807339446,0.0005845181709295856,0.16525186932253255,0.002483681514752373
0.9450000000000001,3.173597412161119,0.0005837941805616816,0.16519174415271265,0.0024836025110361684
0.9460000000000001,3.172269650669927,0.0005830717482804251,0.16513169173524134,0.00248352331413184
0.9470000000000001,3.1709432928721517,0.0005823508704813172,0.1650717119019048,0.002483443924174512
0.9480000000000001,3.1696183353910867,0.0005816315435719509,0.16501180448506728,0.0024833643413002225
0.9490000000000001,3.1682947748614643,0.0005809137639717173,0.16495196931766828,0.0024832845656459156
0.9500000000000001,3.1669726079293885,0.0005801975281118032,0.1648922062332202,0.002483204597349456
0.9510000000000001,3.1656518312523567,0.0005794828324350305,0.16483251506580568,0.0024831244365496065
0.9520000000000001,3.1643324414991323,0.0005787696733958039,0.1647728956500751,0.002483044083386016
0.9530000000000001,3.1630144353498055,0.0005780580474600523,0.16471334782124408,0.00248296353799924
0.9540000000000001,3.1616978094956436,0.0005773479511052568,0.16465387141509089,0.0024828828005307173
0.9550000000000001,3.160382560639122,0.0005766393808199796,0.16459446626795401,0.002482801871122761
0.9560000000000001,3.1590686854938355,0.0005759323331040738,0.1645351322167297,0.0024827207499185555
0.9570000000000001,3.157756180784502,0.0005752268044687324,0.16447586909886938,0.002482639437062154
0.9580000000000001,3.1564450432468796,0.000574522791435764,0.1644166767523774,0.002482557932698487
0.9590000000000001,3.1551352696277504,0.0005738202905385694,0.16435755501580834,0.0024824762369733276
0.96,3.1538268566848666,0.0005731192983208719,0.16429850372826477,0.002482394350033304
0.961,3.152519801186907,0.000572419811337561,0.16423952272939477,0.002482312272025899
0.962,3.151214099913446,0.0005717218261539583,0.16418061185938948,0.0024822300030994163
0.963,3.149909749654893,0.0005710253393463231,0.16412177095898078,0.002482147543403016
0.964,3.1486067472125,0.0005703303475012082,0.16406299986943892,0.0024820648930866797
0.965,3.147305089398248,0.0005696368472158244,0.16400429843257006,0.0024819820523012165
0.966,3.146004773034865,0.0005689448350977208,0.163945666490714,0.0024818990211982403
0.967,3.1447057949557564,0.0005682543077646754,0.16388710388674177,0.002481815799930202
0.968,3.1434081520049926,0.0005675652618448381,0.16382861046405342,0.0024817323886503354
0.969,3.1421118410372184,0.0005668776939764239,0.16377018606657553,0.0024816487875126965
0.97,3.1408168589176744,0.0005661916008078586,0.1637118305387591,0.002481564996672126
0.971,3.1395232025221134,0.0005655069789973647,0.16365354372557706,0.0024814810162842663
0.972,3.138230868736763,0.0005648238252133248,0.16359532547252212,0.002481396846505536
0.973,3.1369398544583342,0.0005641421361338659,0.16353717562560452,0.002481312487493141
0.974,3.1356501565939077,0.0005634619084469252,0.16347909403134966,0.0024812279394050597
0.975,3.1343617720609536,0.0005627831388501644,0.1634210805367959,0.002481143202400047
0.976,3.1330746977872685,0.000562105824050874,0.1633631349894924,0.002481058276637612
0.977,3.131788930710936,0.0005614299607658553,0.16330525723749678,0.0024809731622780318
0.978,3.1305044677803058,0.0005607555457216048,0.16324744712937297,0.0024808878594823405
0.979,3.129221305953931,0.0005600825756538597,0.16318970451418907,0.002480802368412311
0.98,3.1279394422005344,0.0005594110473077401,0.16313202924151504,0.0024807166892304674
0.981,3.126658873498991,0.0005587409574378256,0.1630744211614206,0.0024806308221000752
0.982,3.12537959683828,0.0005580723028077466,0.16301688012447307,0.0024805447671851187
0.983,3.124101609217408,0.000557405080190368,0.16295940598173514,0.00248045852465033
0.984,3.122824907645457,0.0005567392863676264,0.16290199858476287,0.0024803720946611507
0.985,3.1215494891414703,0.0005560749181305598,0.1628446577856034,0.002480285477383751
0.986,3.120275350734431,0.0005554119722790956,0.1627873834367929,0.002480198672984999
0.987,3.1190024894632495,0.0005547504456221124,0.16273017539135448,0.0024801116816324893
0.988,3.11773090237672,0.000554090334977371,0.1626730335027961,0.0024800245034944995
0.989,3.1164605865334623,0.0005534316371711336,0.16261595762510844,0.0024799371387400236
0.99,3.1151915390018905,0.000552774349038894,0.16255894761276282,0.002479849587538733
0.991,3.1139237568602143,0.0005521184674242328,0.16250200332070916,0.0024797618500609965
0.992,3.112657237196342,0.0005514639891797348,0.16244512460437394,0.002479673926477856
0.993,3.111391977107896,0.0005508109111664271,0.16238831131965806,0.002479585816961045
0.994,3.1101279737021623,0.0005501592302535929,0.16233156332293494,0.0024794975216829492
0.995,3.1088652240960144,0.0005495089433193306,0.1622748804710484,0.002479409040816641
0.996,3.1076037254159297,0.0005488600472496522,0.16221826262131073,0.0024793203745358443
0.997,3.106343474797959,0.0005482125389392066,0.16216170963150053,0.0024792315230149488
0.998,3.105084469387643,0.00054756641529081,0.16210522135986094,0.0024791424864289754
0.999,3.1038267063400005,0.0005469216732153252,0.16204879766509744,0.002479053264953626
1.0,3.1025701828194965,0.0005462783096319207,0.161992438406376,0.002478963858765216
